lang,orig_text,orig_translation
Ukrainian,"FINAL NOTICE Madam: You are owing $22.00 rent. Unless paid by tomorrow morning, we shall take possession.","ОСТАННЄ ПОПЕРЕДЖЕННЯ Пані, Ви винні $22 за квартиру Якщо Ви не заплатите до завтрашнішого ранку ми Вас виселим."
Ukrainian,"My name is Deems Taylor, and it's my very pleasant duty to welcome you here on behalf of Walt Disney, Leopold Stokowski and all the other artists and musicians whose combined talents went into the creation of this new form of entertainment, Fantasia.","Мене звати Дімс Тейлор, і я з великим задоволенням вітаю вас від імені Волта Діснея, Леопольда Стоковського і всіх інших художників і музикантів, поєднання талантів яких народило цей новий твір - Фантазію."
Ukrainian,What you're going to see are the designs and pictures and stories that music inspired in the minds and imaginations of a group of artists.,"Зараз ви побачите узори, картини і історії, що створені уявою групи художників під впливом музики."
Ukrainian,"In other words, these are not going to be the interpretations of trained musicians. Which I think is all to the good.","Це не буде новим тлумаченням музики музикантами, і для нас це тільки на краще."
Ukrainian,"Now, there are three kinds of music on this Fantasia programme.",У нашій Фантазії звучатиме три типи музики.
Ukrainian,First is the kind that tells a definite story.,"Перший тип - це музика, яка розповідає якусь історію."
Ukrainian,"Then there's the kind that, while it has no specific plot, does paint a series of, more or less, definite pictures.","Другий тип, хоч і не має певного сюжету, малює в уяві більш або менш чіткі картини."
Ukrainian,With the coming of the Second World War many eyes in imprisoned Europe turned hopefully or desperately toward the freedom of the Americas.,"Коли розпочалась Друга Світова Війна багато людей в окупованій Європі спрямували свої погляди з надією, або з відчаєм до свободи, яка панувала в Америці."
Ukrainian,But think of all those poor refugees who must rot here if I didn't help them.,"Але подумай про нещасних біженців, що згниють в цьому місті, якщо я їм не допоможу."
Ukrainian,"The point is, an enemy of the Reich has come to Casablanca and we are checking up on anyone who can be of any help.","Справа у тім, що до Касабланки прибув ворог Рейху. І ми перевіряємо кожного, хто може стати нам у нагоді."
Ukrainian,Are you one of those who can't imagine Germans in their beloved Paris?,"Чи належите ви до тих людей, що не можуть уявити німців в їхньому любому Парижі?"
Ukrainian,"Later on, we meet our old friend, Bacchus, the god of wine, presiding over a bacchanal. The party is interrupted by a storm.","Потім на екрані з'явиться Бахус, або Вакх, бог вина, що очолює вакханалію, яку зупиняє гроза."
Ukrainian,"And now, we see Vulcan forging thunderbolts and handing them over to the king of all the gods, Zeus, who plays darts with them.","Вулкан кує блискавки і передає їх головному богу Зевсу, який кидає їх униз, як дротики."
Ukrainian,"As the storm clears, we see Iris, the goddess of the rainbow. And Apollo, driving his sun chariot across the sky.","Коли буря стихає, з'являється Ірида, богиня райдуги, і Аполон на своїй сонячній колесниці."
Ukrainian,"And then Morpheus, the god of sleep, covers everything with his cloak of night, as Diana, using the new moon as a bow, shoots an arrow of fire that spangles the sky with stars.","Потім Морфей, бог сну, накриває усе покровом ночі, а Діана, стріляючи з молодого місяця, як із лука, випускає вогняну стрілу, яка запалює небо зірками."
Ukrainian,"Before we get into the second half of the programme, I'd like to introduce somebody to you, somebody who's very important to Fantasia.","Перш, ніж ми почнемо другу частину нашої програми, я б хотів представити вам декого, хто грає ключову роль у нашій Фантазії."
Ukrainian,He's very shy and very retiring.,Вона дуже скромна і сором'язлива.
Ukrainian,I just happened to run across him one day at the Disney studios.,Лише один раз я бачив її у студії Діснея.
Ukrainian,"But when I did, I suddenly realised that here was not only an indispensable member of the organisation, but a screen personality whose possibilities nobody around the place had ever noticed.","Але побачивши її, я зрозумів, що вона не просто ключовий член команди, а й сценічний персонаж з недооціненими можливостями."
Ukrainian,And so I'm very happy to have this opportunity to introduce to you the soundtrack. All right.,"Отже, я з задоволенням представляю вам... звукову доріжку!"
Ukrainian,"It was as if my great rush of anger had washed me clean, purged me of hope, and staring up at that night sky, for the first time I opened my heart to the sweet indifference of the universe, and I felt that it was so much like myself, almost like a brother, that I realised that I'd been happy, and that I was happy still.","Так ніби мій спалах гніву очистив мене, очистив від надії, і, дивлячись у нічне небо, я уперше відкрив своє серце солодкій байдужості всесвіту і відчув, що він так на мене схожий, майже брат, і я усвідомив, що був щасливим,"
Ukrainian,"American and Israeli search and rescue vessels today came across debris and oil slicks from the missing submarine. It's being said in Washington that the Los Angeles was on a routine reconnaissance mission off Iran when she sank last Tuesday with a loss of all hands. After paying tribute to her 127 officers and men, the President said he held the Soviet Union responsible for their deaths and for the vessel's disappearance.",Пошуково-рятувальні судна США та Ізраїлю сьогодні натрапили на уламки та нафтову пляму від зниклого підводного човна. коли минулого вівторка раптом затонув з усім екіпажем. що він змусить Радянський
Ukrainian,"No news teams have been allowed in or out since phone and telex links were cut. This morning the Foreign Secretary said he had no definite news to report and that it would be unhelpful to speculate without any hard information. There's been a run on tinned food, sugar and other storable items, which is causing shortages in some areas.",Репортерським командам було заборонено перетинати кордон одразу після зникнення телефонного зв'язку. і було б нечемно висловлювати міркування при відсутності фактів. що в деяких регіонах викликало дефіцит.
Ukrainian,"In response to today's news of the outbreak of hostilities between vessels of the United States and Soviet navies, a special session of Parliament has passed an emergency powers act. There will be a special announcement at the end of this bulletin and details will be given then of how this affects you.",У відповідь на сьогоднішні новини про початок бойових дій позачергова сесія парламенту прийняла акт про надзвичайні повноваження. як це на вас вплине.
Ukrainian,"Emergency headquarters like this have been hastily improvised in the basements of town halls and civic centres. The time has now come to make everything ready for you and your family in case an air attack happens. This does not mean that war is bound to come, but there is a risk of this and we must all be prepared for it.",Подібні надзвичайні штаби поспіхом створювалися у підвалах міської мерії та громадських будівель. якщо станеться повітряна атака. і ми повинні до неї підготуватися.
Ukrainian,"If anyone dies while you are kept in your fall-out room, move the body to another room in the house, label the body with name and address and cover it as tightly as possible in polythene, paper, sheets or blankets. If, however, you have had a body in the house for more than five days and if it is safe to go outside, then you should bury the body for the time being in a trench or cover it with earth and mark the spot of the burial.",08.00 додайте напис з ім'ям та адресою простирадла чи ковдри. або закидати землею та позначити місце поховання.
Ukrainian,"With the pyrethrum you kill the roaches right there in front of God and the client whereas this starch and fluoride... leave it around, the roaches eat it... come back a few days later, they're running around fat as hogs. And there it is, Bill. You want to put on some weight, you gotta switch from that yellow powder diet of yours to some of this good fluoride stuff right here.",З піретрумом ви вбиваєте тарганів прямо на місці перед обличчям Бога та клієнта в той час як цей крохмаль та фторид... таргани жеруть... як свині. потрібно замінити дієту з твого жовтого порошку... як ось цей фторид.
Ukrainian,"""Followers of obsolete, unthinkable trades... doodling in Etruscan... addicts of drugs not yet synthesized... black marketeers of World War III... excisors of telepathic sensitivity... osteopaths of the spirit... investigators... of infractions denounced... by bland, paranoid chess players... servers of fragmentary warrants taken down... in hebephrenic shorthand... charging unspeakable mutilations of the spirit... officials of unconstituted police states, broke...""",немислимих професій які машинально пишуть на етруській залежні від ще не синтезованих наркотиків чорні продавці Третьої світової війни каменотеси телепатичної чутливості остеопати духу слідчі... що викривають злочини спокійних параноідальних шахістів рознощики уривчастих ордерів заповнених шизофренічною стенографією заряджені невимовним каліцтвом духу... торг...'
Ukrainian,"If you look carefully at my lips you'll realize that I'm actually saying something else. I'm not actually telling you about the several ways I'm gradually murdering Joan, about the housekeeper Fadela, whom I've hired to make Joan deathly ill by witchcraft, about the medicines and drugs I've given her, about the constant nibbling away at her self-esteem and sanity",то зрозумієш що насправді я сказав щось інше. щоб та зробила Джоан смертельно хворою... про постійне розкльовування її почуття власної гідності та здорового глузду що мені вдалося зробити зовсім неочевидним.
Ukrainian,"Finally, it talked all the time, day and night. You could hear him for blocks, screaming at it to shut up, beating at it with his fists and sticking candles up it, but... nothing did any good, and the asshole said to him, ""It is you who will shut up in the end, not me, because we don't need you around here anymore.",і вночі. бив її кулаками пхав у неї свічки... тому що ти мені більше не потрібен.
Ukrainian,"I'm going to quit... and I told Dom, too... because they've moved my desk four times already this year... and I used to be over by the window... and I could see the squirrels, and they were married... but then they switched from the Swingline... to the Boston stapler, but I kept my Swingline stapler... because it didn't bind up as much... and I kept the staples for the Swingline stapler.","Я і Дому говорив також ... бо вони пересували мій стіл вже чотири рази за цей рік ... а мені потрібно бути навпроти вікна ... щоб я міг бачити білок ... але потім вони перейшли зі Свінглайнівських... на степлер Бостон, але я зберіг свій Свінглайн ... тому що він не зминає папір ... і я зберіг скріпки для Свінлглайна."
Ukrainian,"And in the normal light, you would see that... but when the lights were turned off... it turned out it was painted with phosphorescent paint... and so suddenly it came to life with different colors... and you really felt as if you were under the sea at night... surrounded by the other creatures of the sea.","За день ви звикали до того, як це виглядає,.. але ось наступала ніч... і виявлялося, що все це намальовано фосфоритними фарбами. І, ось, раптом, виявлялися абсолютно інші кольори... і вам справді здавалося, що ви перебуваєте на дні нічного моря... в оточенні інших риб."
Ukrainian,"I retitled it, actually, Pas de Deux... because what happens there is that although you see only one dancer... the camera is as partner to that dancer... and carries him or accelerates him... as a partner would do to the ballerina... making possible progressions and movements... that are impossible to the individual figure.","Я б це назвала па-де-де (Балетний номер, виконуваний двома партнерами) тому що, незважаючи на те, що ви бачите одного танцюриста,.. камера виступає в ролі його партнера - підкидає або додає прискорення - як це робить партнер балерини, роблячи можливими певні рухи, які не під силу здійснити поодинці."
Ukrainian,"I mean, how did the people who she was connected with... how could they open up so easily to a foreigner... somebody that they didn't know... and somebody who was supposed to be a... you know, who comes, as you were saying before... a white person coming to learn about the culture of the black people?","Тобто, як люди, з якими вона спілкувалася,.. як вони так просто відкрилися іноземці,.. комусь абсолютно їм незнайомій... комусь, кого зазвичай ""зустрічають по одягу"", як... ну, ви знаєте, ви про це говорили вже,.."
Ukrainian,"And indeed I found out from the Chinese boy who performed the movements here... that this school of boxing, Wu Tang... is based on The Book of Change... and that its theory is that... life is an ongoing process, constantly... and that it is based on a negative-positive... with constantly a resolution into another negative and positive and so on.","І мені дійсно відкрив це китаєць, який тут рухався... це бойове мистецтво, Ву Танг,.. бере початок у ""Книзі змін""... чиє вчення говорить, що... життя - це безперервний поступальний процес... і що він базується на запереченні-затвердження... з постійним поділом на наступні заперечення і твердження і т. д."
spanish,"They're on a five-day shoot-out - a photographic exploration of the Misissippi Delta in Memphis, one of the most iconic cities in the American south, but the things that catch their eyes aren't the ones the average tourists would choose.","Están en una exploración fotográfica de cinco días por Memphis, en el Delta del Misissippi, una de las ciudades más icónicas en el sur de EE.UU., pero las cosas que capturan su mirada no son las mismas que el turista promedio escoge."
spanish,"Fuelled by existential restlessness, baby boomer wanderlust and cheap petrol, the photographers set out for new territories to see what these worlds looked like photographed and this is what they discovered.","Impulsados por la inquietud existencial, la pasión de viajar de los baby boomer, y el petróleo barato, los fotógrafos salieron por nuevas tierras para ver cómo lucían estos mundos al ser fotografiados y esto es lo que descubrieron."
spanish,"Around the same time, the Bisson Brothers employed 25 porters to haul their equipment up the face of Mont Blanc, processing fragile, glass plate negatives in a dark room tent thousands of feet above sea level.","Más o menos por la misma época, los hermanos Bisson usaron 25 porteadores para subir su equipo hasta la cara del Mont Blanc, procesos delicados usando negativos en placas de vidrio, y cuartos oscuros en carpas a miles de pies de altura."
spanish,"They say that Timothy O'Sullivan was a master at profanity and I can believe it, the actual physical work of getting out is often fairly arduous, it involves a scramble, it involves risking snakes and swatting at the bugs.","Dicen que Timothy O'Sullivan era un maestro de la blasfemia y lo puedo creer, frecuentemente el trabajo físico de salir es arduo e involucra una lucha, el riesgo de las serpientes, aplastar bichos."
spanish,"He doesn't give a damn if the verticals are straight up and down, because he's standing in the middle of the picture he takes off, and Jackson Pollock stands in the middle of the paintings he makes too.","Le importaba un comino si las verticales estaban derechas de arriba hacia abajo, porque él estaba en el medio de las fotografías que tomaba, tal como Jackson Pollock estaba en el medio de las pinturas que hacía."
spanish,"I didn't really dig the French photography, you know, all these photographers now everybody reveres like Doisneau and even Cartier-Besson, completely chic and polite and sentimental, romantic and humanistic.","A mí en verdad no me gustaba la fotografía francesa, tú sabes, todos esos fotógrafos que todos veneran, como Doisneau o Cartier-Bresson, completamente elegantes y amables y sentimentales, románticos y humanísticos."
spanish,"At that time, I was interested in capturing an event because I didn't know any better and that was the language of the period... something happened in space and time, you try to be there and make an interesting shape, any picture about it.","En ese tiempo, yo estaba interesado en capturar un evento porque no conocía nada mejor, y ese era el lenguaje del período... Algo ocurre en el espacio y el tiempo, tratas de estar ahí y de obtener una imagen interesante, alguna foto de eso."
spanish,"For example, this is a catch picture, walking on the Pont Neuf or something like that and a man is walking his black and white Capuchin monkey and a woman's coming along with her...in black and white of all things... with her baby in there and the two of them are seeing each other.","Por ejemplo, esta es un imagen capturada, caminando en Pont Neuf o algo así. Un hombre va con su mono capuchino blanco y negro y una mujer se acerca a él... con todas esas cosas en blanco y negro... con su bebe ahí. Y los dos se quedan viéndose el uno al otro."
spanish,"He was always obsessed. When I first met Garry, what I remember is sitting there, after he handed me these pictures he was smoking, he was drinking and he was shaking and tap, tap, tap - his feet were tapping on a chair, and his knees were shaking.","La primera vez que me encontré con Garry, que yo recuerde estaba sentado allí, luego de darme las fotos, fumando, bebiendo y sacudiéndose... y, tap, tap, tap, su pie golpeando en una silla y sus rodillas moviéndose."
spanish,"But left to its own devices, the camera can be nothing more than a slack-jawed dumb recorder of whatever is put in front of it, which is precisely what Ed Ruscha allowed it to be in a series of seminal books he produced in the 1960s,","Pero dejada a su suerte, la cámara puede no ser nada más que un tonto grabador de cualquier cosa que se le ponga en frente, lo que precisamente Ed Ruscha le permitía ser en una serie de libros seminales que editó en los 60,"
spanish,"But then as I started seriously working as an artist, travelling was essential, so I was continuously driving back and forth on US 66 between here and Oklahoma when I would take all these gasoline stations.","Pero entonces, cuando empecé a trabajar seriamente como artista, viajar era esencial, siempre estaba conduciendo ida y vuelta por la U.S.66, entre acá y Oklahoma donde hice todas estas fotos de estaciones de gasolina."
spanish,"I was met with a little bit of scepticism from some people and usually those people were like... more intellectual, and a lot of those people...uh...were, would have this impression from this little product, that I was putting them on.","Me encontré con un poco de escepticismo de algunas personas. Usualmente personas que eran... más intelectuales, y muchas de esas personas... Uh... tendrían esa impresión, de que era un producto insignificante lo que les estaba mostrando."
spanish,"When Eggleston returned to Dunkirk to open an exhibition devoted to his work, it was a chance for critics and journalists to see if they could turn the pure gold of his pictures into the hard currency of words and explanations.","Cuando Egglestone regresó a Dunquerque, para abrir una exhibición dedicada a su trabajo, fue oportunidad para que críticos y periodistas vieran si podían convertir el oro puro de sus fotografías en la moneda dura de palabras y explicaciones."
spanish,"People before us have translated that word, or transcribed it, I should say, as margarita, which can mean pearls or pearl mica, which is abundant in the deserts of Arizona and New Mexico and they've used this to support the northern route.","Anteriormente, las personas han traducido esa palabra... o la transcribieron, diría, como margarita... que puede significar perlas o mica de perlas... y que es abundante en los desiertos de Arizona y Nuevo México. Y la usaron para sostener la idea de la ruta del norte."
spanish,"In 1550, the King's counsellors gathered here in Valladolid to listen to two great figures of the age, the Dominican Las Casas, speaking for the Indians, and the philosopher Sepulveda, for the mission of imperial Spain,","En 1550, los consejeros del Rey se reunieron aquí, en Valladolid... para escuchar a dos grandes figuras de la época. Al dominico Las Casas, hablando en favor de los indios... y al filosofo Sepulveda, a favor de la misión de la España Imperial."
spanish,"Sepulveda concluded by saying this - that human beings are not equal, that some are superior to others and that the inhabitants of the New World were natural slaves because they were barbarous and inhumane.","Sepulveda concluyó diciendo... que los seres humanos no eran iguales, que algunos eran superiores a otros... y que los habitantes del Nuevo Mundo eran esclavos por naturaleza... porque eran bárbaros e inhumanos."
spanish,"The last of the great Inca heroes, they say, stood on top of these rocks armed with a European sword, throwing the Spanish off, killing members of his own side if they thought of surrendering to the Spaniards.","El último de los grandes héroes Incas, dicen, estaba de pie en lo alto de estas rocas, armado con una espada europea, confundiendo a los españoles, matando a sus compañeros si se les ocurría rendirse al enemigo."
spanish,"In the end, when it was clearly all hopeless, he threw his weapons down, stuffed his mouth with earth, scourged his face and threw himself off the rocks in fulfilment of his vow that he would die rather than give in to the Spanish.","Al final, cuando comprendió que no había ninguna esperanza, arrojó sus armas al suelo, se llenó la boca de tierra, se araño la cara y se despeñó contra las rocas, cumpliendo el juramento de que moriría antes que rendirse a los españoles."
spanish,"They brought all their most sacred relics here from Cuzco - the mummies of the last of the dead Incas, and above all the most sacred relic, the golden image that symbolised the rising sun in whose chest was a heart made of dough made from the powder of the hearts of the dead Incas.","Aquí trajeron todas sus reliquias más sagradas, las momias de los últimos Incas muertos, y lo más sagrado de todo, la imagen dorada que simbolizaba el sol naciente en cuyo pecho había un corazón hecho de masa proveniente del polvo de los corazones de los Incas muertos."
spanish,"The history of photography is made up of journeys great and small, some as epic as a continent, some no longer than a city street... ..but few have been as influential as one taken by Robert Frank.","La historia de la fotografía está hecha de viajes grandes y pequeños, algunos tan épicos como un continente, algunos no mayores que la calle de una ciudad... pero pocos han sido tan influyentes como el que hizo Robert Frank."
spanish,"Born in switzerland to Jewish parentage, Robert Frank brought an outsider's perspective to bear when he embarked on a nine month road trip of his adopted home in 1956.","Nacido en Suiza, de familia judía, Robert Frank trajo la perspectiva del forastero cuando se embarcó en un viaje de nueve meses por su hogar adoptivo en 1956."
spanish,Frank got a Guggenheim Fellowship to travel around the United States and document the kind of culture that he saw evolving here which he believed was spreading elsewhere.,Frank obtuvo una beca Guggenheim para viajar por los Estados Unidos y documentar la cultura que -estaba viendo- evolucionaba acá y que él creía se estaba difundiendo por otros lugares.
spanish,"He started in New York, travelled south to South Carolina, then onto Texas, to California, then back to Chicago, and finally ending up back in New York.","Comenzó en Nueva York, viajó al sur a Carolina del Sur, luego a Texas, a California, luego de vuelta a Chicago, y finalmente regresó a Nueva York."
spanish,"There was a continuity to the way he travelled - it's not the hop, skip and jump of the world travelling Cartier-Bresson.","Hubo una continuidad en la forma en que viajó, no es el salto tras salto de los viajes por el mundo de Cartier-Bresson."
spanish,"Frank's journey produced the photographic equivalent of the great American novel, laying bare the anxieties that the chrome and the advertising jingles obscured.","El viaje de Frank produjo el equivalente fotográfico de la gran novela americana, mostrando las ansiedades que el cromo y los avisos publicitarios oscurecían."
spanish,"Though he'd been trained in a Swiss tradition that aspired to photographic perfectionism, Frank's free-wheeling odyssey echoed the spontaneity of abstract expressionist art and beat poetry.","Aunque fue entrenado en la tradición suiza que aspiraba a la perfección fotográfica, la odisea despreocupada de Frank repetía la espontaneidad del expresionismo abstracto y de la poesía beat."
spanish,"Again it's the kind of zeitgeist of abstract expressionism, that freedom, that release from the conventions of picture making that were earlier is there with Frank.","Una vez más, este es el espíritu de la época del expresionismo abstracto. Esa libertad que liberaba de las convenciones al crear imágenes, estaba ahí con Frank."
spanish,"Kerouac described it, I think, what he did - he called Frank's qualities agility, mystery, sadness, genius and secret strangeness.","Kerouac lo describió, pienso, él describió las cualidades de Frank como agilidad, misterio, tristeza, genio y extrañeza escondida."
spanish,"He brought his final selection to the french publisher Robert Delpire, and they designed a photo book that would become one of the foundation stones of modern photography.","Llevó su selección final al editor francés Robert Delpire, y diseñaron un fotolibro que se convertiría en una de las piedras fundamentales de la fotografía."
spanish,"As there were no double page spreads, just one picture after the other, we quickly agreed how the photos should be displayed, and that's how we did it.","Como no hubo doble página, sólo una imagen después de la otra, rápidamente acordamos cómo deberían mostrarse las fotos, y así fue que hicimos."
russian,"And, like, you know, when you're sitting around with your friends playing video games and it's fun, but if you munch a nice, big PBJ first, it's even awesomer.","Знаете, когда сидишь с друзьями, играешь в видеоигры и тебе весело. А если перед этим слопать такой сладкий бутер, тогда вообще классно."
russian,"So, anyway, my cousin's best friend's older brother's girlfriend's sister is gonna be bringing some by this afternoon, and I know it sounds a little stupid, but I'm kind of nervous to pick them up myself.","Так вот сестра подружки старшего брата лучшей подруги моей двоюродной сестры принесёт их после обеда. Я знаю, как глупо это звучит, но я боюсь забирать их сама."
russian,"Nick's always told us none of us can get involved with the peanut racket, and there's no way I'm going to betray Nick for a kiss on the cheek for a lousy seven seconds.","Ник всегда твердит, чтобы никто из нас не связывался с арахисовым бизнесом. И я ни за что не предам Ника за поцелуй в щёчку на вшивые семь секунд."
russian,"It says so right here, but I took some home and set the table with them, and my mom freaked out and sent me to my room, and her boyfriend even kept laughing!","Тут так написано. Но когда я принёс их домой и накрыл на стол, мама рассердилась и отослала меня в комнату. А её приятель даже смеялся."
russian,"Yeah, but now that we're running it, we can do it right, with epi-injector sites and fair prices, because the way Frankie and Mickey were doing it, someone was bound to get hurt, and not just the allergic kids.","Но теперь этим занимаемся мы, и всё пойдёт как надо: с пунктом выдачи антиаллергенных препаратов и честными ценами. У Френки с Микки всё было поставлено так, что кто-то должен был пострадать."
russian,"Maybe to adults it looks like we're just running around, playing whatever we want to, wherever we want to, running all around the yard, willy-nilly without barriers or boundaries.","Взрослым наверно кажется, что мы просто наворачиваем круги, играем во всё подряд, бегаем где хотим по всему двору сломя голову без барьеров и границ."
russian,"Frankie, on my father's life, Until you realize our right to share the soccer pitch, we will continue to sting you, and sting you like a swarm of killer bees. Okay, okay, come on, come on.","Френки, своим отцом клянусь тебе пока ты не поделишься правами на футбольное поле, мы будем продолжать жалить тебя, жалить как рой пчёл-убийц."
russian,"We call him ""the bladder"", because his bladder is the size of a camel's hump, and he has been eating nothing but asparagus for the past four days and drinking gallons w water.",Мы зовём его Пузырь. Потому что его мочевой пузырь размером с горб верблюда. И кроме лука он ничего не ел последние четыре дня.
russian,"You see, we were concerned, because a few of your guys got roughed up in that last game, and so, for your own protection, we talked to the teachers, and they said that from now on, in order to avoid any more injuries, everyone has to wear protective equipment.","Видишь ли, мы были обеспокоены, что некоторые твои люди покалечились в прошлой игре, и теперь, для вашей же безопасности, мы обсудили это с учителями, и они решили, что отныне во избежание возможных травм, все обязаны одевать защитную экипировку."
russian,"At the end of season one, she found out that Scott's a werewolf, but they've already got such good history with each other, that she's very accepting of it. ♪ If it is hard to bear ♪","В конце первого сезона, она узнает, что Скотт оборотень, но между ними уже была хорошая история, и она очень хорошо приняла это."
russian,"They want to try to keep the relationship going as much as they can, but they know that it's going to be tricky because Allison's situation with her family. The Argents hunt werewolves.","Они хотят попытаться сохранить отношения на сколько смогут, но они знают, что это будет сложно из-за обстановки в семье Элисон."
russian,"Scott can respect their situation, and knows that, you know, the offer at hand of them becoming a werewolf sounds like a really cool thing, but knows that it just is not. It'll mess up their life.","Скотт понимает их ситуацию, и знает, что предложение стать оборотнем звучит очень круто, но он знает, что это не так."
russian,"So the idea of eliminating a threat quickly, even if it means, you know, someone getting hurt, I think his mentality is that that's better than letting something spiral out of control to where you can't contain it anymore. They're not here to scare us, okay?","Поэтому для него главное устранить угрозу быстро, даже если это означает, что кто-то пострадает, и лучше уж это, чем позволить чему-то выйти из-под контроля там, где вы не сможете больше его сдерживать."
russian,"When Allison's father tells her that she's going to be the leader of her family, I think she's probably slightly intimidated by that, but also, I think, a little challenged.","Когда отец Элисон сказал ей, что она станет лидером их семьи, думаю, это её немного напугало, но также, немного изменило."
russian,"They've had some, you know, misunderstandings and trust issues, but I think that is what, you know, makes Scott and Allison so great to watch, because they overcome all these odds.","Не мешайся! У них есть проблемы с доверием и недопонимание, но я думаю именно поэтому так приятно наблюдать за Скоттом и Элисон потому, что они преодолевают все трудности."
russian,"That scene was added, and I think that scene is so important to understand Allison's mind-set moving forward, because you see her as this, you know, this sort of sweet, naive girl, and then something massive happens. And then it's, you know...","Эту сцену добавили, и я считаю, что эта сцена очень важна для понимания дальнейшего образа мышления Элисон, вы видите ее там, такую милую наивную девушку, а затем случается что-то грандиозное."
russian,"If this were my mother, if these words were written for me, any pity I'd have for Derek and his pack would be burned out by a white-hot desire for retribution.","если бы она была моей матерью, если бы эти слова были написаны для меня, жалость, которую я испытываю к Дереку и его стае, сгорит раскаленным желанием возмездия."
russian,"There was always this perplexed look on my face because she had no idea what was going on throughout all of these different scenarios of seeing ghosts and are they ghosts or are they, you know, just hallucinations of her own mind?","Всегда был этот озадаченный взгляд на моем лице, потому, что она понятия не имела, что происходит во всех этих видениях, где она видит призраков, и призраки ли они, или они просто ее галлюцинации."
russian,"She starts developing this little mini-relationship with this guy and having a few encounters with him, only to find out that that is also a figment of her imagination.","Она стала развивать эти мини-отношения с тем парнем и несколько раз встретилась с ним, а потом узнала, что он тоже плод её воображения."
russian,"She knew at that point, after she'd had several encounters with this guy, it turned out to be young Peter hale that was just a figment of her imagination.","В тот момента, после нескольких встреч с тем парнем, она узнала, что он оказался молодым Питером Хейлом, и был просто плодом её воображения."
russian,"We know that Lydia is a conduit for Peter's intentions, but we don't know if it's Lydia being the medium herself or if it's Peter imposing the powers through her.","Мы знаем, что Лидия - посредник намерений Питера, но мы не знаем, сама Лидия медиум, или это Питер действовал через неё."
russian,"In season two, Derek definitely has more responsibility, having to be in charge and responsible for these three lives that he's kind of, I guess, in a way created.","Во втором сезоне на Дереке больше ответственности, он отвечает за эти три жизни, которые он, в каком-то смысле, создал."
russian,"This villain is now cured, so to speak, and he's now gone from the Kanima to a werewolf, and it was because of Lydia's love that pulled him out of that.","Злодей теперь исцелен, теперь он переродился из Канимы в оборотня, и это благодаря любви Лидии, она помогла ему."
russian,"I'm probably, without knowing it, less lonely than I have been in a long time because I'm interacting with people more often than I have in many years.","И, пожалуй, не осознавая этого, менее одиноким чем был долгое время до этого потому что здесь я общаюсь гораздо чаще с людьми чем за многие годы до этого."
russian,"I don't know how she feels about me, and so I'm just kind of-- I'm taking it slow, but at the same time, it's really hard 'cause I really want to, you know, see where this is gonna go.","Я не знаю что она чувствует ко мне, так что я просто я не тороплюсь, но в тоже время, это очень трудно, потому что я правда хочу, знаешь, посмотреть куда это может привести."
russian,"Well, you know, they're pretty, but it's kind of odd, the whole idea of someone giving someone a flower 'cause it's like, ""Oh, you know, I like you, so let me give you something that's dying.""","Ну, знаешь, да они красивые, но это немного странно, вся идея дарения цветов потому что это как ""О, знаешь, ты мне нравишься, так что я хочу подарить тебе что-то что умирает"""
russian,"Ran outside, and the sky this just this odd color that I've never seen in my life, and I'm thinking it can't be the show doing this because that's way out of their powers and their control.","Выбежав на улицу, я увидел небо такого странного цвета я никогда ничего подобного в жизни не видел, и я задумался не может быть чтобы в рамках шоу могли сотворить ткое потому что это было за рамками их сил и контроля"
russian,"Whether, you know, whether you're in the woods or in the cabin, you always feel like something is watching you, and the past two nights, I haven't slept very well, you know.","Не важно,в лесу ли ты в хижине, ты постоянно ощущаешь что за тобой следят, и последние две ночи я спал не очень хорошо"
russian,"I didn't ever expect that that would be a possibility on this show, and every day that I'm here, I feel like I'm an idiot for staying, that I am gonna end up like Tommy.","Я даже не думала о такой вероятности здесь на шоу, и каждый день что я продолжаю быть здесь, я ощущаю себя идиоткой потому что остаюсь, что в конечно итоге могу закончить как Томми"
russian,"I was just gonna try and make things better, and, like, apologize, and just wanted to let her know that I didn't, you know, I didn't want to screw anything up or make anything awkward for her.","Я просто пыталась сделать как лучше, и, типа, извиниться, и я просто хотела, чтобы она знала, что я, ну знаете, я не хотела облажаться, или заставить чувствовать ее себя неловко."
russian,"I guess I was in a weird mood, and I just want to apologize because I don't want to make you feel uncomfortable or anything, because I'm really glad you're--","Полагаю, я была в странном настроении, и я просто хотела извиниться, потому что я не хотела, чтобы ты чувствовала себя неудобно или еще как, потому что я действительно рада, что ты..."
russian,"=you can let her off this one time too.= =If not, you'll become extremely lonely.= =At the very least, I still have people who believe in me, so I'm able to start all over.=",=что ты простишь её.= то ты останешься совершенно одинок.= которые верят в меня и я могу начать заново.=
czech,"The West taught the rest its way of doing business... its scientific method... its law and its politics, its way of dressing... of speaking and of praying.","Západ učil zbytek svůj způsob podnikání ... své vědecké metody ... své zákony a svou politiku, svůj způsob oblékání ... mluvení a modlení se."
czech,"And it's a story we ignore at our peril, because today, after half a millennium of tilting westwards, the world seems inexorably to be tilting to the East.","A to je příběh, který ignorujeme na vlastní nebezpečí, protože dnes, po půl tisíciletí přiklánění k západu, svět zdá se, se neúprosně přiklání k východu."
czech,"Understanding how the West beat the rest gives us an insight not just into the past but also into the future, and I think you'II agree, it helps answer the question that could be the most important of our time.","Pochopení toho, jak Západ porazil zbytek nám dává nahlédnout nejen do minulosti, ale také do budoucnosti, a myslím, že budete souhlasit, že nám to pomůže odpovědět na otázku, která by mohla být nejdůležitější v naší době."
czech,"In the space of just a generation, in the fifth century AD, the Roman Empire in Western Europe essentially fell apart - the aqueducts dried up, the roads overgrown, the circuses deserted.","V období jen jedné generace, v pátém století n.l. se Římská říše v západní Evropě v podstatě rozpadla - akvadukty vyschly, silnice zarostly, arény byly opuštěny."
czech,"Question - could something similar happen to Western civilization 2.0 - the version that, after a millennium of stagnation, rose to dominate the world?","Otázka - mohlo by se něco podobného přihodit západní civilizaci podruhé - verze, která, po tisíciletí stagnace, přijde ovládnout svět?"
czech,"Beset by economic crises and by environmental fears, the West today is also waking up to a growing Eastern challenge to its political and military supremacy.","Sužován ekonomickými krizemi a obavami o životní prostředí, se Západ dnes také probouzí k rostoucí Východní výzvě jeho politické a vojenské nadvládě."
czech,"We tend to assume that it was Western technology that trumped the East... in particular, the technology that went on to produce the industrial Revolution.","Máme tendenci se domnívat, že to byla západní technologie, která překonala východ ... zejména, technologie, která pokračovala v produkci průmyslové revoluce."
czech,"The restoration and improvement of the canal was part of a plan to stimulate China's economy, masterminded by the formidable Ming emperor known as Yongle.","Obnova a zlepšení kanálu bylo součástí plánu stimulovat čínskou ekonomiku, vedenou impozantním císařem dynastie Ming známým jako Yongle."
czech,"Yes, I know we're taught to think of Henry V as one of the great heroes of english history, but I'm afraid his kingdom was very far from the ""sceptred isle""","Ano, vím, že jsme se učili myslet na Henryho V jako na jednoho z velkých hrdinů anglické historie, ale obávám se, že jeho království bylo velmi vzdálené od ""vládnoucího ostrova"""
czech,"The ravages of the Black Death, the bubonic plague that had devastated Europe in the early 1 4th century, had reduced the city's population to around 40,000, less than a 20th the size of Nanjing's.","Černá smrt, dýmějový mor, který zdevastoval Evropu na počátku 14. století, snížil populaci města na asi 40.000 lidí 20 krát méně než byl Nanjing."
czech,"Without any proper sewage system, medieval London stank to high heaven, whereas human excrement was routinely collected in Chinese cities and spread on outlying fields.","Bez řádného kanalizačního systému, středověký Londýn smrděl na sto honů, zatímco lidské exkrementy v čínských městech se shromažďovali a rozptylovali po vzdálených polích."
czech,"As a new century dawned in 1 400, the emperor YongIe had another transport technology at his disposal, which had the potential to make him master, not just of the middle Kingdom, but of the entire global market.","Na prahu nového století, v roce 1400, měl císař Yongle k dispozici další dopravní techniku, která měla potenciál udělat z něho vládce a to nejen Říše Středu, ale celého globálního trhu."
czech,"What they're building here in Nanjing is a fuII-scaIe replica of one of the treasure ships of admiral Zheng He - the most famous sailor in Chinese history, the man who very nearly turned the middle Kingdom into a global empire.","To, co vybudovali tady v Nanjingu je zmenšená replika jedné z unikátních lodí Admirála Čeng Chea - nejslavnějšího námořníka v čínské historii, muž, který málem změnil Říši Středu na globální říši."
czech,"Some scholars speculate they reached as far as northern australia, the Cape of Good Hope and greenland, and all this was years before the European Age of exploration had so much as begun.","Někteří vědci spekulují, že dorazili až do severní Austrálie, k Mysu Dobré Naděje a do Grónska a to všechno roky před začátkem Evropského věku zkoumání."
czech,"The Portuguese had the brilliant idea that if they could find an alternative route, all the way around the coast of Africa, round the Cape of Good Hope and into the Indian Ocean... then this business could be theirs.","Portugalec měl vynikající nápad, že pokud by našel alternativní cestu, cestu kolem celého pobřeží Afriky, kolem mysu Dobré naděje a do Indického oceánu ... pak by tento obchod mohl být jejich."
czech,"It was here in the Castle of St George in the hills above Lisbon that the newly crowned Portuguese King Manuel appointed da Gama to command a fleet of ships, to make discoveries and go in search of spices.","Bylo to tady na hradě svatého Jiří v kopcích nad Lisabonem kde nově korunovaný Portugalský král Manuel jmenoval da Gamu velitelem flotily lodí, aby vykonal objevy a šel hledat koření."
czech,"As we'II see, there was more than one killer app, but the one that really started the ball rolling was surely competition - both the main driver of capitalism and of the fragmented European state system.","Jak uvidíme, existovala více než jedna vražedná aplikace, ale fakt, který to uvedl do pohybu byla zcela jistě soutěž - hlavní tahoun kapitalismu a roztříštěného Evropského systému států."
czech,"When he and his fellow sailors rounded the Cape of Good Hope, the southernmost tip of Africa, they weren't wondering, as the Chinese had, if they could find some exotic animals to take home to their king.","Když on a jeho námořníci obepluli Mys Dobré naděje, nejjižnější cíp Afriky, nezajímali se jako Číňané, jestli by mohli najít nějaké exotické zvířata, která by přivezli domů svému králi."
czech,"well, you can find the answer here in the bowels of the British Library by looking at wonderful old maps like this one, which is of the city-state of Lubeck, dating back to 1530.","Můžete najít odpověď tady v útrobách Britské knihovny nahlédnutím do báječných starých map jako tato, která je z městského státu Lübeck, datující se do roku 1530."
czech,"I can't help feeling the message of these maps is ""divide and rule"", except that it was by being divided that the Europeans ended up ruling the rest of the world.","Nemůžu se zbavit pocitu, že zpráva těchto map je ""rozděl a panuj,"" až na výjimku to bylo tím, že rozdělení Evropané skončili jako vládci zbytku světa."
czech,"That means that the lord mayor, the sheriffs, the city council, the freemen, the Iiverymen and the aldermen are all more than 800 years old, making this the world's oldest autonomous commercial institution.","To znamená, že starosta, šerifové, městská rada, svobodní občané, řemeslníci a radní jsou všichni více než 800 let staří, to z nich dělá v tomto světě nejstarší autonomní komerční instituce."
czech,"And that's where power used to lie - with the drapers, the goldsmiths, the grocers, the haberdashers, ironmongers, mercers, the saIters, the shearers, the skinners - not forgetting the tailors and the vintners.","A to je to, kde ležela síla - obchodníci s textilem, zlatníci, kupci, galanterie, majitelé železářství, obchodníci s látkami, se solí, střihači, kožešníci - nezapomínejme na krejčí a vinaře."
czech,"Dating back to the middle Ages, they're a reminder of the amazing power - economic and political - that used to be wielded by London's craftsmen and merchants.",Kořeny sahají až do středověku jsou připomínkou úžasné moci - ekonomické a politické - kterou vládli Londýnští řemeslníci a obchodníci.
czech,"The English mechanical clock was not only more accurate than the Chinese water clock - it was also designed to be sold widely, rather than monopolised by the emperor's astronomers. IAN:","Anglické mechanické hodiny nebyly jen přesnější než Čínské vodní hodiny - byly také navrženy tak aby se široce prodávaly, spíše než zmonopolizovaná císařská astronomie."
czech,"Just take a walk from the Protecting Harmony hall to the middle Harmony hall, where the emperor had his private quarters, to the hall of Supreme Harmony, where the Dragon Throne itself sat. Harmony, harmony, harmony.","Stačí jen projít síni Ochranné Harmonie k síni Prostřední Harmonie, kde měl Císař své soukromé komnaty, do síně Nejvyšší Harmonie, kde stál samotný Dračí Trůn."
czech,"In China, Imperial rule was implemented by a Confucian bureaucracy, recruited on the basis of perhaps the most terrifying set of exam papers in all history.","V Číně, bylo císařské pravidlo realizováno podle konfuciánské byrokracie, přijímáni na základě asi nejděsivějšího souboru zkoušek v celé historii."
czech,"Thousands of wannabe mandarins would be locked in these cells, just three-and-a-half feet deep, about the same width, and only five-and-a-half feet high.","Tisíce aspirantů na mandaríny bylo uzamčeno v těchto celách, jen tři a půl stopy dlouhé, o stejné šířce, a jen pět a půl stopy vysoké."
czech,"During the time an examination lasted, the only movement allowed was the passage of servants, replenishing food and water supplies, or removing human waste.","V době trvání zkoušky jediný povolený pohyb byl průchod sluhů, doplňujících zásob potravin a vody, nebo odstraňování fekálií."
czech,"No doubt after nine long days shut in a shoebox, it was the most able, and the certainly most indefatigable, candidates who passed the imperial examination.","Není pochyb o tom, že po devíti dlouhých dnech zavřených v krabici od bot, jen nejschopnější a nejneúnavnější kandidáti složili císařské zkoušky."
czech,"As England's population growth accelerated in the late 1 7th century, trade brought an influx of new nutrients like potatoes and sugar, while colonisation allowed the emigration of surplus people.","Jak se Anglický populační růst zrychlil na konci 17. století, obchod přinesl příliv nových živin, jako jsou brambory a cukr, zatímco kolonizace dovolila emigraci přebytečných lidí."
macedonian,"I am speaking of Charles Foster Kane, the fighting liberal the friend of the workingman, the next governor of this state who entered upon this campaign... To point out and make public the dishonesty the downright villainy of Boss Jim W. Gettys' political machine now in complete control of the government of this state.","Зборуваме за Чарлс Фостер Кејн борбениот либерал, пријателот на работниците, следниот гувернер кој влезе во кампањата со само една намера да ги обелодени нечесноста и злото на политичката машина на Џим Гетиској целосно ја контролира"
macedonian,"On December 12, outnumbering us 3 to 1 on a narrow portion of the front, with massive support of the air force and a five to one edge in armored divisions, the enemy broke through our defenses, forcing their way across the Aksay. After 72 hours of fighting they have advanced 45 kilometers toward Stalingrad.","На 12 декември, создавајки трикратна надмоќ на тесен дел од фронтот, со постојана подршка на авијацијата, имајки 5-6-кратна надмоќ во тенкови, противникот ја проби нашата линија, ја премина реката Аксај и по три дена борби се приближи на 45 км во правец кон Сталинград."
macedonian,"Beyond that... this network may be the most significant profit center... of the communications complex... and based upon the projected rate of return on invested capital... and if merger is accomplished, the communications complex... may well become the towering and most profitable center... in the entire CCA empire.","Освен тоа... оваа мрежа може да биде најзначајниот центар за профит... на овај комуникацискиот комплекс... базирана на предвиденото повраќање на вложените пари... и ако планот е постигнат, комуникацискиот комплекс... може да стане најголемиот и најисплатлив центар... на цела CCA империја."
macedonian,"I want to present to the court a writ of habeas corpus a writ of corpus delicti and a writ of ad nauseam charging that my client is deprived of his rights of ipso facto lux et veritas and e pluribus unum. And I insist on his immediate release under the precedence set by Section 8, Paragraph 95 of Rogers v. Semper Fidelis.",Сакам да му го предочам на судот доказ за ослободуванје од недоследно апсење поради слаби докази за извршените злодела и нарушувањето на конституционалните права на мојот клиент.
macedonian,"On behalf of all the citizens of Philadelphia and the many who have been touched by your accomplishments and your untiring participation in this city's many charity functions, it is with tremendous honor that we present this memorial which will stand always as a celebration to the indomitable spirit of man.","Во име на граѓаните на Филаделфија и оние кои се погодени од вашите достигнувања и вашето неуморно залагање за голем број добротворни донации на овој град, со голема чест ви го представуваме овој споменик, кој засекогаш ќе стои во чест нескршливиот дух на човекот."
macedonian,"I want him brought right here with a big ribbon on his head and I want to look him straight in the eye and I want to tell him what a cheap, lying, no good, rotten low-life, snake-licking, dirt-eating, inbred, overstuffed ignorant, bloodsucking, brainless, dickless, hopeless heartless, fat-assed, bug-eyed, stiff-legged, spotty-lipped worm-headed sack of monkey shit he is!","Сакам да го донесат тука Со голема машна на главата Да го погледнам право во очите i da mu kaћemи да му кажам како е покварено, лажливо подмукло идиотско, крвопијско, моронско, импотентно бездушно и дебело гомно!"
macedonian,"Lecter altered or destroyed most of his patients' histories, so there's no record of anyone named Mofet, but I thought the ""yourself"" reference was too hokey for Lecter, so I figured he's from Baltimore and I looked in the phone book and there's a ""Your Self"" storage facility right outside of downtown Baltimore, sir.","Лектер ги преправил или уништил поголемиот број на истории на болести, па не постојат белешки на никој по име Мофет, но мислев да споменување на приватно искуство звучи премногу сентиментално за Лектер, па, прибидејќи е од Балтимор, погледнав во телефонскиот именик"
macedonian,"Mr. Kimble having considered all the factors and aggravation and mitigation in this case and found the offense was brutal and indicative of wanton cruelty it's judgment of this court, you will be remanded to Illinois State Penitentiary where you will await execution by lethal injection on a date to be set forth by the Attorney General of the State.","Г_не. Кемпбел, земајќи ги в предвид сите докази и околности во случајов, го оценувам нападот како брутален и безмилосен. Судот одлучи да бидете задржани во државниот затвор на Илиноис, се до денот на погубувањето кое ќе се изврши со инекција."
macedonian,"This was your great-grandfather's war watch and he wore it every day he was in that war and when he'd done his duty, he went home to your great-grandmother took the watch off, put it in an old coffee can and in that can it stayed until your granddad, Dane Coolidge, was called upon by his country to go overseas and fight the Germans once again.","Ова бил часовникот на прадедо ти во војната, и го носел секој ден додека бил во војна, а... кога му изминала должноста, се вратил дома кај прабаба ти, го извадил часовникот, го ставил во стара конзерва од кафе, и останал во конзервата... сѐ додека дедо ти, Ден Кулиџ, не го повикаа... да оди преку океанот за да се бори со Германците пак."
macedonian,"It was while at the courthouse that this man, his younger brother, Richard Gecko, a known armed robber and sex offender pulled off a daring daylight escape, resulting in the death of four Wichita law enforcement officers, and this woman, Heidi Vogel, sixth grade teacher, who was run over by the Geckos... during a high-speed pursuit through downtown Wichita.","Во текот на судењето, овој човек, помладиот Ричард Греко, познат разбојник и сексуален престапник, дрско побегна кога се убиени 4 полицајци и учителката Х.Вогел, која браќата Греко ја прегазија при бегството."
macedonian,"Kelly Lange here for Channel 3 lsland News. A tragic accident has claimed the life of a businessman identified as Steven Bishop, when a huge grand piano fell from the 17th floor of the Mayan Hotel... when a huge grand piano fell from the 17th floor of the Mayan Hotel... directly behind me and landed on his car.","Трагична несреќа го одзеде животот на бизнисмен идентификуван како Стивен Бишоп, кога огромно пијано падна од 17-тиот кат од Мајан хотелот... директно врз неговата кола."
macedonian,As the pesky poachers grunted and groaned... pushing and pulling the ponderous primate along... the trusty Tookie-Tookie bird was already winging to the rescue... making a bird-line for San Francisco... where George of the Jungle was trying to give the heiress Ursula... the courage to face her parents... by helping her discover the juju within.,"Одиме. Додека одвратните ловокрадци мумлаа и цимолеа, туркајќи го и влечејќи го тешкиот мајмун, доверливиот Токи веќе брзаше за спас кон Џорџ, летајќи брзо директно на пат за Сан Франциско, каде што Џорџ на Урсула сакаше да и' даде"
macedonian,"In a few hours, she'll probably be sane enough to work herself... into some sort of towering Jesus-based rage at the hazy recollection... of being seduced by some kind of cruel Samoan... who fed her liquor and LSD, dragged her to a Vegas hotel room... and then savagely penetrated every orifice in her little body... with his throbbing, uncircumcised member.","За неколку часа ќе биде доволно свесна, и ќе и стане јасно, иако сеќавањата ќе и бидат малку магливи, дека ја завел некој суров Самоанец, кој ја напил и издрогирал со ЛСД, ја одвлекол во хотел во Вегас, и потоа дивјачки пенетрирал во секој отвор на нејзиното мало тело, со својот набрекнат и необрежан ""врсник""."
macedonian,"We at our state-of-the-art solar-powered Biocyte building, recognize that eternal vigilance is the price of health, whether it's funding the teaching center at the Royal Prince Edward Hospital, removing aerosol products from the market... or braving the influenza quarantine at Bruny Island late last month.","Ние, во нашето уметничко дело, зградата на Биосет, со погонот на соларната енергија, дознавме дека вечната будност е цена на здравјето, било за финансирање на центарот за обука во болницата Ројал Принц Едвард, тргнувајќи ги аеросолните производи од пазарот... или спротивставувањето на грипот на островот Бруни, минатиот месец."
macedonian,"My friends, this is Larry David... the man who refused to hire a sister for a job... for which I was clearly qualified, because he's a racist, a bona fide racist... who preferred not to work with any black people under any circumstances... and gives all the good jobs to his white wife's white friends.","Пријатели мои, ова е Larry David... човекот што одби да ангажира сестра за работа... за која очигледно бев квалификувана, затоа што е расист, вистински расист... кој преферира да не работи со никој од црните луѓе, под никакви околности... и сите добри работи ги дава на белите пријатели на неговата жена."
macedonian,"This is a victory forthe mentally ill... and before Emil is taken on the boat... to the psychiatric ward at Rikers Island... it should be noted thatwhat he did... he wasforced to do... by Oleg Razgul, a dangerous and demented individual... who is at liberty right now... in the streets of New York, and both Emil and I...","Ова е победа за ментално болните. И пред Емил да биде префрлен со брод на психијатриската клиника треба да се знае дека за се она што го сторил, го натерал Олег Разгул исклучително опасна личност која се уште е на слобода некаде на улиците на Њујорк."
macedonian,"Do you understand that the world does not revolve around you... and your ""do whatever it takes, ruin as many people's lives""... so long as you can make a name foryourself as a journalist... no matter how many friends you lose... or people you leave dead and bloodied along the way... just so long as you can make a name foryourself as a journalist... no matter how many friends you lose... or people you leave dead and bloodied and dying along the way?","Дали ти разбираш дека светот не се врти околу тебе. и дека твоето ""правам што ќе посакам"" уништува други животи, додека ти си градиш име како добар новинар, без разлика колку пријатели ќе загубиш, или колку луѓе ќе оставиш раскрвавени додека го правиш тоа, се додека ти си градиш име како добар новинар, без разлика колку пријатели ќе загубиш, или колку луѓе ќе оставиш раскрвавени додека го правиш тоа ?"
macedonian,"I hope these gentlemen are treating you correctly... in the way you should be treated... and speaking of which, I'm going to Spain next week... so, um, if your kidnappers would like to contact me... they can get in touch with my people... and you know who they are... and, uh, the house is waiting for you right here,","Се надевам дека овие господа се однесуваат коректно... на начин како што треба да се однесуваат со тебе. така да, ќе одам во Шпанија следната недела... па, ако твоите киднапери сакаат да контактираат со мене... може да се јават кај моите луѓе... а ти знаеш кои се тие... и, а, куќата се уште те чека тука,"
macedonian,Let's get in the car... and we'll just drive and drive and drive and drive... and then we'll stop at the perfect place... and we'll stay there for as long as we want to... and then we'll get back in the car... and then we'll drive and drive and drive and drive... and we'll find another perfect place.,Да одиме во колата... и само ќе возиме и возиме и возиме... и после ќе застанеме на совршено место... и ќе останеме таму колку што сакаме... и пак ќе се вратиме во колата... и пак ќе возиме и возиме и возиме... и пак ќе најдеме друго совршено место.
macedonian,"Yes, well, Kafir Aghani has spent his entire life... defending the basic human rights... of his own people, and today's verdict... has been the result of five years of struggle... by this woman, Eleanor Heaney... to save the man she loves from an extradition order... that would've been tantamount to a death sentence.","Да, видете, Кафир Агани го поминал целиот свој живот... бранејќи ги основните човекови права на сопствениот народ? и денешната пресуда е резултат на петгодишната борба на оваа жена, Еленор Хини да го спаси свој сакан, од наредбата за екстрадикција која сигурно претставува воедно и смртна пресуда."
macedonian,"And do you, my handsome nephew take Natalie to be your lawful wedded wife through the good times and the bad times and the times she won't talk to you for months and even worse, when she will so you pretend you're asleep so she'll leave you alone but you lie there listening to her grind her teeth hour after hour like a fucking hacksaw?","И дали ти, мој згоден внук... за земаш Натали да биде твоја невеста... низ добрите времиња и лошите времиња... и кога таа нема да ти зборува со месеци... и уште полошо, кога таа ќе... па ти ќе се преправаш дека спиеш за да те остави на мира... но ти ќе лежиш само и ќе ја слушаш како чкрипи со забите... час по час... Како ебен бонсек?"
macedonian,"It was Liz who actually noticed it, but the resemblance to myself was absolutely uncanny. So we commissioned a lawyer to begin tracking down court records, passenger ship lists, that sort of thing, and it was finally confirmed just last week via what is known round here as the Lynchburg Convergence, where a certain Trevor Berman and a hood girl known as Ethel, wed and had two boys","Лиз беше таа што ја за- бележа,сличноста со мене е неоспорна.Затоа најмивме адвокат за да ги провери судските досиеа,патните листи и слично.Конечно минатата недела тој ни потвреди дека како резултат на она што овде е познататото како Линчберг- ско вкрстување во кое извесен"
macedonian,"Coming together at a maximum speed of let us say, 10 miles per hour. So you have a fly on the tire of bicycle ""B"" and the fly, who can travel at 20 miles an hour leaves the tire of �B� and flies to the tire of bicycle �A� and backwards and forwards until the two bikes collide and the poor little fly is squashed.","...Значи имате една мува на гумата од точакот Б и мувата, која лета 20 миљи на час, заминува од гумата на точакот Б и слетува на гумата од точакот А и обратно... итн... се додека двата точаци се судрат и кутрата мува е згмечена."
macedonian,"Well... we had to... to have a complete system, you need to have a kernel, which is the program that allocates resources to all the other programs, you need a compiler, which translates a program from readable source code that programmers can understand into numbers, mysterious numbers that the computer can actually run.","Па... требаше... за да имаме комплетен систем, треба да имате кернел, што е програма која ги распределува ресурсите за сите други програми, потребен ви е компилатор, кој знае да преведува програми од читлив изворен код, што го разбираат програмерите, во броеви,"
macedonian,"We took it over as kind of the development part of Red Hat software and stayed that way till about November of 1995 when... a toilet we had in the apartment kind of exploded, flooded our downstairs neighbor and she got little upset and... the apartment folks found out we were running a business there","Го сфативме тоа како еден вид развоен дел на софтверот на Red Hat и останавме до ноември 1995 кога... тоалетот во станот во кој бевме експлодира поплавувајќи ја сосетката под нас која беше малку вознемирена, а... газдите на станот открија дека тука водиме бизнис"
macedonian,"That our big win, the big score that gave us mainstream visibility and credibility with investors came not because of bottom up evangelism from a bunch of engineers, but because one strategist at the top saw the potential power of this method and then essentially imposed that vision on everyone underneath him.","Нашата голема победа, која ни даде главна видливост и кредибилитет кај инвеститорите дојде не поради евангелизмот на група инженери од дното, туку поради еден стратег од врвот кој ја согледа потенцијалната моќ на оваа метода и потоа ја наметна таа визија на сите под него."
macedonian,"In other words, you play an actor... and the actor is having a tough time getting work... because he was on this mega-hit series, like a Seinfeld kind of series... and now this actor, after the series goes off the air... he can't get work anymore... because he's so identified with this character... that they won't let him do anything else.","Со други зборови, ќе играш актер... и актеров има тешкотии да најде работа... затоа што бил во мега хит серија, серија како Сајнфелд... и сега актеров, откога серијава завршува... не може никаде да најде работа... затоа што толку многу го поистоветуваат со ликот... не му даваат да прави ништо друго."
macedonian,"This is to us, for successfully... let me give you a little more... puttin' together something collectively... so ingenious as a team and a duo... that we should definitely be able to secure... a lot of food on the table for ourselves... as long as everything goes as nicely... as it's goin' right now.","Ова е за нас, за успешно... Дај да ти додадам малку... составување на нешто колективно, толку генијално како тим и како дует... што сигурно ќе можеме да си обезбедиме... многу храна на масата... се додека се оди фино... како што ни оди сега."
macedonian,"Burning love I'm just a hunk, a hunk of burning love I'm just a hunk, a hunk of burning love I'm just a hunk, a hunk of burning love I'm just a hunk, a hunk of burning love I'm just a hunk, a hunk of burning love I'm just a hunk, a hunk of burning love I'm just a hunk, a hunk of burning love I'm just a hunk, a hunk of burning love I'm just a hunk, a hunk of burning...",К Р А Ј
macedonian,I've been out of work... since this whole thing happened... and I had to have lots of doctors and lawyers... and I got stacks of mail from people... saying that they hate me... because I took away their heavyweight champ... and that I'm a gold digger and all that... but I say walk a mile in my shoes.,"Од кога се случи тоа, јас веќе не работам. Мора да имам многу доктори и адвокати. Добивам писма од луѓе кои ми пишуваат дека ме мразат затоа што им го одземав шампионот во тешка, и дека сум материјалистка."
bulgarian,"I'm about to follow water's journey around the planet from the oceans to the clouds, from a storm to a flood, because I want to experience the awesome power it can unleash.","Ще проследя движението на водата около планетата – от океаните до облаците, от бурите до наводненията, защото искам да усетя страховитата й мощ."
bulgarian,"Benedikte knows only slightly more about meteorology than I do, but the ratings show that her glowing smile and confident presentation keeps the audience happy and willing to receive the somewhat familiar weather forecasts.","Бенедикте разбира от метеорология съвсем малко повече от мен, но рейтингът показва, че блестящата й усмивка и уверен говор са приятни за зрителите и те гледат така или иначе еднообразните прогнози."
bulgarian,"There are many ocean currents that move water around our planet, but there's one, a master current out in the North Atlantic, that's the drive belt of our weather systems.","Съществуват много течения, пренасящи водата по планетата, но в северната част на Атлантическия океан е най-голямото и важно. Това е основата на нашия климат."
bulgarian,"The Conveyor's first stop is in the Indian Ocean, and, much later, in the Pacific Ocean, where the whole system then curves around and the cycle repeats itself.","Първата ""спирка"" на Конвейера е в Индийския океан, а след това, след много време, в Тихия океан, където прави завой и кръгът се затваря."
bulgarian,"After a 6,000-mile journey within the Conveyor, the water that fell as rain in Bergen over 500 years ago is about to become part of the biggest rainstorm on the planet.","След 10 000 км с Конвейера, дъждът от Берген преди 500 години ще стане част от една от най-големите бури на планетата."
bulgarian,"It's an intense period, because in a few months' time those monsoon breezes rushing in from the sea will reverse themselves, leaving just the merciless heat of the sun.","Това е напрегнато време, защото само след няколко месеца ветровете от морето ще се обърнат и ще остане само безпощадната горещина от Слънцето."
bulgarian,"Some will evaporate and many last only a few minutes. Even when there's plenty of water in a cloud, there's often a lack of the vital ingredient to make a raindrop - a little something for the moisture to gather round.","Известно количество ще се изпари, но дори и така ще остане предостатъчно, понякога дори прахът във въздуха не стига за водата - частичката, по която да полепне водата."
bulgarian,"With one corn field requiring 4,000 gallons of water each day and a single cloud containing just enough for one acre, the question is how do you tease the rain from the clouds?","С царевично поле, нуждаещо се от 1.5-2 тона вода дневно и един-единствен облак с точното количество вода, въпросът е как да свалим тази вода на земята."
bulgarian,"Whilst moving the dry ice into the freezer, they noticed the air around them became so cold that the warm water vapour in their breath instantly froze into tiny ice crystals.","Когато вкарвали сухия лед във фризера, забелязали, че въздухът се охладил толкова, те влагата в дъха им замръзвала на кристалчета."
bulgarian,"This chance discovery led the scientists to wonder if they put man-made crystals, imitating the ice, into the cloud, would the cloud produce more rain?","Това случайно откритие накарало учените да се запитат какво би станало, ако сложат тези кристалчета в облака. Дали от облака ще падне повече дъжд?"
bulgarian,"Here in Texas, in the afternoon, we get heavy thunderstorms, and we'll go up and fight through the main updraught, as that's where our chemicaliser is most effective.","В Тексас бурите са жестоки, а нашата работа е да отидем горе, в основното течение, където нашите химикали имат максимален ефект."
bulgarian,"The hurricane was so large, we knew it was going to affect with rain and strong winds all the north coast of Honduras, so warnings were out 20 hours in advance.","Ураганът беше толкова голям, че бяхме уверени, че ще има дъжд и силни вълни по целия северен бряг на Хондурас, и излъчихме предупреждение 20 часа предварително."
bulgarian,"The destructive power is in the very, very heavy rains, as circulation interacts with a very mountainous land mass - here Honduras, and Nicaragua down here.","Разрушителната сила се изразява в проливни дъждове, като въздушните маси взаимодействат с планинския терен - тук – Хондурас, и в Никарагуа."
bulgarian,The real disaster is yet to come in terms of mudslides and the very great catastrophes that occur as a result of several feet of water being deposited over the mountainous terrain.,Истинското бедствие тепърва предстои – калните порои. Най-големите катастрофи са когато дъждовете налеят метри вода на планинските скатове.
bulgarian,"Drawn out of the warm waters of the Gulf of Mexico by the Thermohaline Conveyor, the Gulf Stream runs practically the entire length of the North American coastline before reaching out east across the Atlantic towards the U""K"".","Издърпан от топлите води на Мексиканския залив от температурния Конвейер, Гълфстрийм обтича цялата дължина на Североамериканското крайбрежие, преди да достигне на изток до бреговете на Обединеното кралство."
bulgarian,"Six months after Mitch, an enormous number of seeds washed in, particularly on this beach - between 400-500 different species all from central South America on the Gulf Stream.","Шест месеца след Мич, Гълфстрийм довлече огромно количество семена, особено на тази бряг – около 400-500 различни растения, всички от средна Южна Америка."
bulgarian,"The force of water in a river can be lethal, but magnify that a thousand times and apply it to the ocean... and the results can be disastrous, as the residents of Hunstanton on the Norfolk coast learned to their cost.","Силата на водата в една река може да е смъртоносна, но я го умножете хилядократно и си представете океана... и резултатите са катастрофални, както научили на гърба си жителите на Хънстънгтън, Норфолк."
bulgarian,"By the time I got to this area to get these people off, they had certainly been on the roof of those houses since four or five o'clock in the afternoon, and this was like 11.30 at night.","Докато стигнем до хората, за да ги свалим, те със сигурност вече бяха стояли по покривите от 4 или 5 часа следобяда, а вече беше 11:30 вечерта."
bulgarian,"With wind blowing 120 mph, and they were soaking wet, and the rain and the freezing water, it would be amazing to me ""if all the 2""7""- 30 people"" that I got out all survive.","При вятър 200км/ч и напълно мокри, валящ дъжд и ледена вода, направо съм изумен как оцеляха всички 27-30 човека, които спасих."
bulgarian,"The beginning of the most disastrous of all the expeditions of the conquistadors, and yet one of the great epic stories in the history of the Americas.","Това е началото на най-пагубната конквистадорска експедиция, но и една от най-епичните случки в историята на двете Америки."
bulgarian,"Cabeza de Vaca wrote a remarkable account of his adventures and with it we set out to follow him across the Gulf of Mexico, to find out which way wind and tide might have taken him that autumn,","Кабеса де Вака води забележителен дневник на приключенията си. Благодарение на него, можем да проследим пътят му през Мексиканския залив, за да разберем накъде са го отнесли вятъра и отлива през онази есен,"
bulgarian,"That's interesting. When they pass the Mississippi mouth, they get caught up in a storm coming from the north that blows them right out to sea and nearly drowns them, in fact.","Когато са преминали устието на Мисисипи, са били хванати от приближаваща от север буря, която ги е запратила в открито море и за малко да ги потопи."
bulgarian,"You know, you look at all these great expeditions of the conquistadors and the terrible events that happened in the New World, Pizarro and everything else.","Поглеждаме към всички велики експедиции на конквистадорите и ужасните неща, които са се случили... Кортес, Пизаро и всичко останало."
bulgarian,"Yes, and there are places out here where there are oysters for several miles and, during low tide, they're exposed, probably at the time when they harvested them.","Да, има няколко места на които има стриди в продължение на мили, а по време на отлива се показват. Тогава са ги събирали."
bulgarian,"People before us have translated that word, or transcribed it, I should say, as margarita, which can mean pearls or pearl mica, which is abundant in the deserts of Arizona and New Mexico and they've used this to support the northern route.","Онези, които са се занимавали преди нас са превели думата, или по-точно - са я описали, като маргарита, което може да означава перли или перлена слюда. Пустините на Аризона и Ново Мексико са пълни с такава. Използвали са това, за да подкрепят теорията за маршрута на север."
bulgarian,"To follow them, we crossed the Rio Grande and entered the desolate landscape of horthern Mexico, , searching for Cabeza de Vaca's route into unknown America,","За да продължим по стъпките им, преминаваме Рио Гранде и навлизаме в пустите територии на северно Мексико в търсене пътя на Кабеса де Вака в непознатата Америка."
bulgarian,They went to him to become healed and they would go to him just like people would go to a medical doctor today and it's possible that could have saved their lives.,"Искали са да бъдат излекувани и са ходили при него така, както ние ходим на лекар и е възможно той да е спасявал животите им."
bulgarian,"You've got some? Great. ...and he tells us all sorts of fascinating things about the Indians, but he never speaks about his or any of his friends' relationships with the women.","Бил е тук седем или осем години, разказал ни е изумителни неща за индианците, но никога не е споменал за своите или на приятелите си отношения с индианките."
bulgarian,I don't think he would have lived that long in a native society without having taken on a woman and I suspect it wasn't one that was just a short-term scenario either.,"Не мисля, че би оживял толкова време сред местните, ако не си е бил взел жена. И не мисля, че е било само за една нощ."
bulgarian,"Their guides now led them towards another great native trade route across the Americas - the Shell Trail, which came down from the pueblos of A rizona and New Mexico all the way to the Pacific,","Водачите им ги водят до друг голям търговски маршрут в Америка - Шел Трейл, който се спуска от пуеблотата в Аризона и Ню Мексико чак до Тихия океан."
slovak,"Here are the decoded contents of the secret document About four hundred years ago, the Ming dynasty in China has in possession a diamond, which because of its peculiar shape resembled the head of Buddha.","Asi pred 400 rokmi vlastnila dynastia Ming v Číne diamant, ktorý svojou zvláštnou formou pripomínal hlavu Budhu."
slovak,"if you're in love and don't know where to go there's only one city, which has something no other city has it lies in the middle of the world's heart once you've had too much to drink, you'll know at once","Keď si zaľúbený a nevieš, kam ísť, tam je mesto, ktoré má niečo, čo žiadne iné na svete. Leží svetu srdca uprostred. Kedysi si vypil veľa, vieš hneď."
slovak,"just like a miracle a golden light falls down on us from paradise that only happens once, that won't ever be repeated, perhaps it's only a dream life can give this to you only once, maybe it'll be all over by tomorrow","Dnes pochopím všetko, čo sa stáva iba raz, nezopakuje sa zas, pravda krás. Ako zázrak svetlo zlata padá na nás z raja, čo sa stáva iba raz, nezopakuje sa zas, vari je to sen. Život iba raz ti prinesie, dozajtra možno skončí vše."
slovak,"life can give this to you only once, because every spring has only one May dear sun, world full of pleasure, you're as beautiful today as you had never been before all the sweet birds are practicing blissfully the sweet melody","Život iba raz ti prinesie, lebo každú jar len jeden máj príde. Slnko drahé, svet radosti plný, dnes si nádherné ako ešte nikdy. Vtáčiky štebocú tú sladkú melódiu."
slovak,"come, pick and chose that only happens once, that won't ever be repeated, perhaps it's only a dream just like a miracle a golden light falls down on us from paradise that only happens once, that won't ever be repeated, perhaps it's only a dream","príď, vyber a vezmi, čo sa stáva iba raz, nezopakuje sa zas, vari je to sen. Ako zázrak svetlo zlata padá na nás z raja, čo sa stáva iba raz, nezopakuje sa zas, vari je to sen."
slovak,In view of Allen's record here since his escape... our state has authorized us to assure you... that if he'll return voluntarily... and pay the state the expense it's been put to... he'll be pardoned in 90 days.,s ohľadom na Allanov záznam od jeho úteku... náš štát mi dal pravo uistiť vás... že keď dobrovolne zaplatí štátu... všetky výdaje spojené s jeho zadržaním... bude do 90 dní oslobodený.
slovak,"Finally, as evidence of the chain gang's value... as a character-builder, I have but to present to you... the very case that has been presented to us here today... the case of James Allen... who entered the chain gang as a worthless tramp... and who left it to become one of a great city's... most worthy and respected citizens.","Záverom, ako dôkaz dobrého vplyvu na väzňov... je prukázaný tým, ako sa vypracoval a uplatnil,... v prípade, ktorý nám bol dnes prezentovaný... James Allen... ktorý vstúpil do väzenia ako bezvýznamný tulák... a po návrate sa z neho stáva v tomto veľkom meste... vysoko cenený a ohodnotený významný občan."
slovak,"Finally, not only has James Allen been a model prisoner... patient and uncomplaining for a whole year... but we have presented letters from countless organizations... and prominent individuals... beseeching you to recommend his pardon.","Nakoniec, bol James Allen vzorný väzeň... vytrvalý a trpezlivý celý rok... dostávali sme dopisi od nespočetných organizácií... a prominentných osôb... ktorí doporučovali a prosili o milosť."
slovak,"A pathological condition that is not as rare as one might suspect. Exposure to catastrophes such as explosions, earthquakes and railway accidents - in short, exposure to fright and horror often triggers insanity.","Patologické podmienky, ktoré nie sú také neobvyklé, ako by sme si mohli myslieť - vystavenie takým katastrofám ako explózie, zemetrasenia a zrážky vlakov - skrátka vystavenie strachu a stresu obyčajne spôsobuje šialenstvo."
slovak,It is our unshakeable belief in ourselves... that is our hope for the youth... to carry on the work which has been put before them in the stormy years... of the revolt of 1918 in Munich... and which is already part of the entire German nation's history.,"Je to naša neotrasiteľná viera v samých seba, ktorá vkladá nádej do našej mládeže, aby pokračovala v tom, čo bolo započaté v búrlivých rokoch odboja, ktorý vyústil až do udalostí v roku 1918 v Mníchove, a ktorý je dnes už súčasťou Nemeckej národnej histórie."
slovak,"Hitler presents new colors to the assembled Party formations... touching each new flag to the Blutfahne, the ""Blood Banner""... carried by SS-Standartenführer Jakob Grimminger... the same man who carried this flag during the abortive Munich putsch of 1923","Hitler slávnostne prijíma nové vlajky hnutia, dotýkajúc sa každej ""Krvavým transparentom"" (Blutfahne) Nasleduje ho SS-Standartenführer Jakob Grimminger... muž, ktorý niesol túto vlajku počas Mníchovského puču v roku 1923."
slovak,"Only then, if we in the Party with our most obedient dedication... become the highest embodiment of National Socialist thought and being... then the Party will materialize... into an eternal and indestructible pillar of the German people and Reich.","A potom sa naša Strana, so všetkými svojimi ideálmi, stane tým najvyšším stelesnením myšlienky Národného socializmu, potom sa strana zhmotní... do večného a nezničiteľného piliera nemeckého ľudu a Ríše."
slovak,"And speaking of words, I'd like to say a few about the injustice... of keeping an innocent man locked up for three months... in such filth and heat and ill-feeding that my chief regret is I didn't try... to pull down the filthy fellow that sits on the throne.","A hovoriac o slovách, rád by som povedal niekoľko o nespravodlivosti... o zadržovaní nevinného muža zatvoreného počas troch mesiacov... v takej špine a horúčave a o zlej strave, že moja hlava ľutuje, že som sa nepokúsil... zvrhnúť toho hnusného chlapíka, ktorý sedí na tróne."
slovak,The death to which you're dooming hundreds of poor men daily... in a frantic effort to send their souls to perdition before your own... is a light pleasantry... compared to the bleeding death in the lungs... to which the great Judge has condemned you.,"Smrť, na ktorú vy odsudzujete stovky úbohých ľudí denne v šialenom úsilí poslať ich duše do zatratenia pred vašou vlastnou je ľahký žart oproti krvácajúcej smrti v pľúcach na ktorú vás odsúdil Najvyšší Sudca."
slovak,"Therefore, I instruct you, gentlemen of the jury... that inasmuch as Peter Blood has admitted... aiding a traitor to your king... you do bring in a verdict of guilty... that he may be hanged... for the high treason he has committed.","Preto vám nariaďujem, páni porotcovia, že vzhľadom k tomu, že Peter Blood priznal pomoc zradcovi vášho kráľa, vyneste rozsudok o vine, aby mohol byť obesený za vlastizradu, ktorú vykonal."
slovak,Send out word immediately that the King is graciously pleased to command... that all rebels convicted but not yet hanged... be gathered together... and shipped by the first available boats to the Americas.,"Rozpošlite ihneď správu, že kráľ s potešením rozkázal, že všetci usvedčení rebeli, ktorí ešte neodvisli, majú byť zhromaždení a nalodení na prvé dostupné lode do Ameriky."
slovak,Simple-minded men might think this an opportunity for trickery... but brilliant men like yourselves will remember in what favor I stand... with the Governor in contrast to some others... and how little their words would weigh against mine.,"Prostoduchí ľudia by toto považovali za príležitosť k podvodu, ale vynikajúci ľudia ako ste vy budú pamätať v akej priazni som u guvernéra na rozdiel od iných a aké málo budú vážiť ich slová proti mojim."
slovak,"This is interesting. I've had men tell me they had reasons for admiring me... and some have even laid claims to reasons for loving me... but for a man to store up reasons for resenting me, how refreshing.","Mala som mužov, ktorí mi hovorili, že majú dôvod obdivovať ma ... a niektorí dokonca mali dôvody milovať ma... okrem muža zhromaždujúceho dôvody neznášať ma, aké osviežujúce."
slovak,"This is a film about a man, who was the first to unite our country in the 16th century, a Prince of Moscow who created a single and powerful state from a hodgepodge of divided and self-seeking principalities, a warlord who heralded the military glory of our Motherland throughout the Orient and the Occident, the first ruler who, in order to reach these great goals, had crowned himself Tsar of All the Russias.","Toto je film o clovekovi ktory v 16. storoci ako prvy zjednotil nasu krajinu o moskovskom kniezati, ktory zo samostatnych slobodnych kniezactiev vytvoril jednotny silny stat o vodcovi vojisk ktory vojensku slavu nasej domoviny siril od vychodu na zapad o vladcovi, ktory na vyriesenie tejto velkej ulohy"
slovak,"'These princes and boyars have amassed great wealth, 'but not a thought do they spare for the Tsar or the State, 'and they are even indifferent to religion, 'since they refuse to defend themselves against our enemies 'the Tartars, the Livonians, the Germans","'Ale tieto kniezata a bojary zhromazdili velke bohatstva 'a pre Cara nerobili nic, ani pre rusku krajinu, 'nestarali sa ani trocha o krestanov a malych ludi, 'este sa aj vzpieraju ochranovat pravovernych na Kryme,"
slovak,"As for those good Christians who don't side with the boyar princes or the well-known families, and are of humble origin and ready to serve the Tsar faithfully, the Tsar summons them to join his bodyguard and to swear allegiance to him","Uprimny a dobrotivy krestania, ktori nemaju nic spolocne s bojarmi, kniezatami ani im podobnymi, ale pochadzaju z obycajneho ludu a su pripravenym sluzit Carovi cistym srdcom, tychto vola Car k sebe ako svojich osobnych strazcov, aby mu prisahali vernost, vola ich k sebe."
slovak,"For as much as Gray and Liza here have consented together in holy wedlock, and have witnessed the same before God and this company and thereto have given and pledged their troth each to the other, I pronounce that they are man and wife.","Vzhľadom k tomu, že sú tu prítomní Gray a Liza ... spojení v svätom zväzku, v našej prítomnosti pred Bohom a týmto spoločenstvom ... a prisahali si vernosť jeden druhému, prehlasujem ich mužem a ženom."
slovak,"The importance of étefénik and his liberation activities performed together with President Masaryk and Doctor Benes in World War I, were summed up by editor-in-chief Sychrava. Vice-chairman of the Czechoslovak Veterans' Community.","Význam Štefánikovej osobnosti a jeho osloboditeľskú prácu, ktorú vykonal s prezidentom Masarykom a doktorom Benešom v prvej svetovej vojne, zhodnotil šéfredaktor Sychrava, podpredseda Československej Iegionárskej obce."
slovak,"The Czechoslovak Republic guarantees peace. gives protection, guards our rights and freedoms. Progress, development, civilisation, prosperity, and thus will create the conditions for the happiness of the people.","Československá republika zaručuje pokoj, dáva ochranu, stráži naše práva. slobody, pokrok, rozvoj, civilizáciu, blahobyt, a tak tvori podmienky ľudského šťastia."
slovak,While some of our brother officers are leading their well-publicized campaigns against the great Indian nations the Sioux and the Cheyenne we are asked to ward off the gnat stings and flea bites of a few cowardly Digger Indians.,"zatiaľ čo niektorí z našich kolegov, dôstojníkov, vedú za veľkej publicity boj proti udatným indiánskym národom, Siouxov a Čejenov, po nás sa žiada, aby sme odrazili pichnutie komára alebo blšie kusnutie, pár zbabelých, otrhaných indiánov."
slovak,I call it to your attention that in taking my daughter riding without bespeaking my permission you have been guilty of behavior more consistent with that of an uncivilized Indian than an officer and a gentleman.,"Upozorňujem vás, keď ste si vyšli s mojou dcérou bez môjho povolenia, previnil ste sa jednaním, ktoré pripomína skôr necivilizovaného indiána, ako dôstojníka a gentlemana."
slovak,Why sit here eatin' your heart out waitin' for a man you think stole your ring... when you've got a chance to win gold and wear it or hoard it... or spend it or lend it or lose it... or use it to get hitched?,"Prečo by ste čakal na človeka čo vám vraj zobral prsteň... keď máte možnosť získať zlato, užívať ho alebo minúť, alebo investovať, alebo stratiť alebo použiť na ženenie?"
slovak,Pedro's miners led their animals to the dangerous ledge... where the rough ore was separated from that which had been crushed... and the pure gold nuggets were hurriedly poured into sacks... for storage in the hidden mine.,Pedrovi baníci vedli zvieratá... ku zlatej rude ... a čistými zlatými nugetmi plnili vrecia... pre skladovanie v skrytej bani.
slovak,"He stopped the Butterfield stage from running, he stopped the U.S. Mails from going through... and for the first time in Indian history... he has all the Apaches from all the tribes fighting under one command.","Vyradil z prevádzky Butterfieldovu prepriahaciu stanicu, zamedzil vojenskej pošte v prejazde... a po prvý raz v dejinách severoamerických domorodcov... bojujú všetci Apači zo všetkých kmeňov pod jednotným velením."
slovak,"Of course, this wasn't much of a town then in those first hard years that followed the war between the states, but it suited the parson right from the minute he stepped off the train and started to look around.","Vtedy to nebolo nejaké mesto v tých prvých rokoch občianskej vojny, ale pastorovi sa páčilo. Od prvej minúta čo vystúpil z vlaku,/i sa začal rozhliadať okolo."
albanian,"In the great Gold Rush, Alaska was the hope and dream of men, the ruthless siren of the Far North, beckoning thousands to her icy bosom.","Ëndrra e mijëra njerëzve të cilët i ka kapluar Sirena jo zemërmirë e Veriut të Madh në mbretërinë e saj, e akullt dhe e pa kërkuar."
albanian,"Many lost their lives. Some fell by the wayside, others lost courage and turned back. But the brave went on.","Duke e kaluar rrethin Chilkoot, në drejtim të fushave me ar në mes të një shkretëtire të paimagjinueshme, një numër i madh i njerëzve të rraskapitur aty e kanë lënë jetën."
albanian,"After scouring the country for food, the Little Fellow had to admit he had seen nothing, not even a field mouse.",Duke kaluar tërë rrethin ju ka dashur të kupton se nuk ka gjetur asgjë... edhe një minjë polar nuk e ka gjetur.
albanian,"Out of the night came the Little Fellow, towards the dancehall, that beacon light of pleasure, that retreat of lost dreams.","Një natë i Vogli mbërrinë në Saloon drita e argëtimit, vend i ëndrrave të harruara."
albanian,Hank Curtis' cabin was a stone's throw from the dancehall. Hank was a mining engineer who lived alone and occasionally went on long expeditions into the Far North.,Kasolla e Hankut ka qenë afër saloonit.
albanian,"Hank was kind and human, and our hero cold and hungry, and the beans smelled good and the coffee was steaming hot.",Si inxhenjer i minierës ka jetuar i vetëm ndonjëherë ka ardhur në Veriun e Madh. Ka qenë i mirë dhe human...
albanian,"Since that night in the dancehall the Little Fellow hadn't seen Georgia, but an incident was to bring them together again.",Prej asaj kohe i Vogli nuk e ka parë më Georginë por një takim i paplanifikuar prap i bashkon ata.
albanian,"There she stood, her loveliness lighting the room, filling his soul with the music of romance for which he was so ill-fitted. As she introduced her friends, his heart began to sing.",Bukuria e saj e ka përfshirë të gjithë vendin dhe e ka mbushur shpirtin e tij me muzikë.
albanian,"And in that cabin his secret was revealed, his love for Georgia. And the girls giggled and laughed, perhaps in order to hide their pity.",Fshehtësia e tij ka qenë e hapur e ka dashur Georginë.
albanian,For in the world of the dancehall it wasn't wise for the girls to reveal their hearts.,Vajzat kanë qeshur që ta ruajnë urrejtjen e tyre.
albanian,And so they thought they'd have a little fun with him.,Në atë botë të vallëzimit... çdo ndjenjë është e ndaluar. Ato i kanë qeshur atij...
albanian,"There in the gloaming they sat, their faces alight with mischief, but all the while his heart was singing. And so she fooled and flirted and stroked his hair. He knew she was fooling, but he was happy.",Tjetri në gjysëm errësirë... me fytyrë shumë me urretje por zemra e tij ka kënduar derisa ajo ja ka përkdhelur flokët.
albanian,"The light of her loveliness would be gone. And he would be left with an emptiness, to return to his bleak, lonely existence. ""Pardon me"", said the Little Fellow,",Por ajo do të shkon... ai do të jetë prap i vetmuar në atë ekzistencë të tij aq të zymtë.
albanian,"In the midst of all their revelry the vague memory of a promise crept into Georgia's mind. ""Let's go up and visit the Little Fellow"", she said.","Derisa janë argëtuar, Georgias i kujtohet premtimi i saj, thotë: ""Hajde të shkojmë tek njeriu i Vogël!"""
albanian,"Then fate - it's always fate - played its little joke, and again the elements laughed, roared and thundered, but through it all our heroes soundly slumbered.","Por fati me ta prap ka qeshur. Edhe këtë herë natyra ja ka filluar të gërmojë, të vetëtojë por nuk i ka zgjuar heronjët tanë."
albanian,"The Little Fellow awoke, blissfully ignorant of what happened the night before, but feeling definitely conscious of ""the morning after"".","Është zgjuar duke mos ditur se çfarë ka ndodhur natën, por me kujtimin... që mbrëmë ka festuar diçka."
albanian,"Now they were homeward bound and they were leaving the hardship and toil of Alaska to live in the land of milk and honey. To live, laugh and indulge themselves in the lap of luxury.",Duke u kthyer e kanë lënë të pa menduarën Alaskë për jetesë në tokën e mjaltit dhe qumshtit në krahë të njerëvzve.
albanian,Then you attach the poster like this... to flatten the poster and to smooth out the lumps.,pastaj i jep një dorë tjetër të lehtë me ngjitës... që ta sheshosh afishen dhe që të mos ngelen flluska.
albanian,Because if you leave any lumps... the inspector will see them and he'll fine you.,Sepse po le flluska... do i shohë inspektori dhe do të gjobisë. More vesh?
albanian,"All right, but if we're having a meeting, it'd better be more than poking' holes in the air with your finger.","Në rregull, por nëse ka mbledhje, kjo mos të jet vetëm lëvizje e gishtit kah ajri."
albanian,"Now you run on home to your mother, and tell her tell her everything's all right and there aren't any more guns in the valley.",Tash vrap në shtëpi ke nëna dhe thuaji se çdo gjë është në rregull dhe në luginë më nuk ka pistoleta .
albanian,"The grave's dug, and the defunct is as ready as the embalmer can make him... but there'll be no funeral.","- Varri është hapur... edhe kufoma është e gatshme, por varrim nuk do të ketë."
albanian,"Yes, when I think of... of what he might do. No, when I remember the feeling in my chest this morning... as I saw him run away. From us.","Po, kur kujtohem ç'na ka bërë deri dje... dhe si ndjehesha sot... kur e shihja se si ikte."
albanian,"Have a look around and see if there's something that strikes your eyes, and I'll have my mechanic give yours the once-over.",Hidh nje sy dhe shiko mos te pelqen ndonje dhe do ve mekanikun ti hedhi nje sy tendes.
albanian,"- You want some coffee? - No, thank you. I'm in a hurry... and just wanna make a change.","- Jo, faleminderit, po shpejtoj... dhe vetem te bej ndrimin."
albanian,"One thing people never oughta be when they're buyin' used cars... and that's in a hurry, but like I said, it's too nice a day to argue.",Njerezit nuk duhet te shpejtojne kur blejne makina te perdorura... sidomos sot qe eshte dhe dite e bukur.
albanian,"Well, the, uh, mattress is soft and... there's hangers in the closet and stationery... with ""Bates Motel"" printed on it... in case you wanna make your friends back home feel envious.","Po stroma eshte e bute... dhe ne dullape ka varese rrobash... me shenjen ""Moteli Beits""... per tja u treguar shokeve dhe ti beni te kene zili."
albanian,"They tell you what its ingredients are... and how it's guaranteed to exterminate every insect in the world, but they do not tell you whether it's painless.","Te thone permbajtjen qe kane... dhe sigurine qe zhdukin c'do insekt, Po nuk thone ne vdesin pa dhimbje."
albanian,"Last two days I've been to so many motels my eyes are bleary with neon, but this is the first place that looks like it's hiding from the world.","Kam shkuar ne kaq shume motele saqe me dhembin syte nga neonet, Po ky eshte i pari qe duket si i fshehur."
albanian,"I think he got himself a hot lead as to where your sister was goin', probably from Norman Bates, and called you to keep you still while he took off after her and the money.","Ai ka gjetur ku eshte motra juaj, dhe po e ndjek per leket e ka mesuar nga Normani, dhe te telefoni qe rinit ketu dhe ai te ndiqte leket."
albanian,"Mrs. Bates poisoned this guy she was... involved with... when she found out he was married, then took a helpin' of the same stuff herself.","Znj. Bejts helmoi ate burrin... qe kishte... kur mesoi se ai ishte i martuar,"
albanian,"To understand it the way I understood it, hearing it from the ""mother""... that is from the ""mother"" half of Norman's mind... you have to go back ten years... to the time when Norman murdered his mother and her lover.","Qe ta kuptoni si une, duke i degjuar nga ""mamaja""... domethene nga ana e mendjes qe ishte ""mamaja""... Duhet te ktheheni dhejt vjet mbrapa... Te koha kur Normani vrau mamane dhe te dashurin e saj."
